step,actor_loss,critic_loss
0,-0.040307977534631896,0.3909785772838116
1,-0.11216172665467163,0.32332004676601966
2,-0.18377130092921054,0.26985447374729743
3,-0.25577108673847093,0.22098885798557982
4,-0.3281488421072224,0.18144873593572552
5,-0.3985841859305406,0.15806336133889462
6,-0.46575084702958036,0.14528121717437364
7,-0.5271234799988526,0.14140146593924888
8,-0.5818171175818762,0.1378837011667703
9,-0.6299200876435128,0.145319741303069
10,-0.6620593372618967,0.15190259116709157
11,-0.6821642102496396,0.159470601973975
12,-0.6896245177320309,0.1551894226364151
13,-0.6873733696735149,0.15413336256476268
14,-0.6765010542895724,0.1513956778242863
15,-0.6581664207290303,0.14702544786752503
16,-0.6393622492962767,0.1425401054950809
17,-0.6131017934455946,0.1408652724138609
18,-0.5867421966757751,0.1348579663402807
19,-0.5599947129826978,0.13338362705188164
20,-0.5358518889293853,0.13520714689074897
21,-0.5147845274196883,0.1351547126923072
22,-0.49437358074638565,0.13731059192719552
23,-0.48216696320797636,0.13823504310695628
24,-0.47444819891963796,0.13813104595644637
25,-0.4704048220874911,0.1401998100798641
26,-0.4717507328080227,0.1380244749030322
27,-0.4773254153290286,0.13694049066599426
28,-0.4858774345435265,0.13734796780184927
29,-0.4980954087654711,0.13425593773519512
30,-0.5133456126028264,0.1377679028681615
31,-0.5297566152974296,0.1308490632468843
32,-0.544379927710922,0.13278001283333396
33,-0.5596476983320762,0.13254946506131232
34,-0.5744139215016575,0.12944537444622228
35,-0.5856415204487444,0.1336456978690418
36,-0.5952555704625214,0.12521379627200713
37,-0.6028566426437721,0.12695502226029123
38,-0.6051400134566749,0.13240779728687962
39,-0.6053279211122703,0.12862757109635511
40,-0.6025182646559939,0.1279221461533594
41,-0.59821301397,0.12815317555560224
42,-0.5887225279421748,0.12586883228575782
43,-0.5801894985688902,0.12503464777072318
44,-0.5722862849320451,0.12616970911375527
45,-0.5641365910632754,0.12872549381539664
46,-0.5564808424021326,0.1230357149690819
47,-0.5535489244704932,0.12629124078743462
48,-0.5525117889230097,0.12448812023948169
49,-0.5547348982332161,0.12917063279219032
50,-0.5575611651065766,0.12493258030416318
51,-0.5631039188943368,0.12714678704511784
52,-0.5703666623755859,0.11836658497094078
53,-0.5778079615113094,0.12601872899557856
54,-0.5872357152441242,0.12170576759643817
55,-0.5957918779299565,0.12535736948145185
56,-0.6011133548854168,0.12363219531741802
57,-0.6072750705021815,0.12270697076489798
58,-0.6119885002448611,0.12231333005729453
59,-0.615853785072064,0.12196195277920223
60,-0.6166520842779043,0.12281667598553714
61,-0.615440191630003,0.12192247145674581
62,-0.613216228402663,0.12130595751382366
63,-0.61126504062284,0.12134070226127883
64,-0.6069795093317226,0.11629559139191784
65,-0.6047991666917436,0.11946206622282374
66,-0.6020138459525491,0.12227677298284334
67,-0.6012729145124533,0.1186171627166902
68,-0.60425864502292,0.120141306232187
69,-0.6025450552341542,0.12130018031144288
70,-0.6037718442980669,0.12222512897384197
71,-0.6069898604457675,0.11943677503281523
72,-0.6112443472612554,0.11767639654079645
73,-0.6151978213629834,0.1162990025088789
74,-0.621144939731058,0.12233813457708817
75,-0.6233579421266676,0.11962287471344138
76,-0.6278254603359443,0.11743464266123363
77,-0.6284254253760719,0.12202186954777704
78,-0.6308092308267998,0.11502555744870921
79,-0.6308339609187904,0.11368780535808978
80,-0.6281529522023388,0.11479601186521415
81,-0.6290364459188023,0.11146395320869208
82,-0.631608950412011,0.11494058634458032
83,-0.6306166914604676,0.11858464806159022
84,-0.6268844193106526,0.11596382540354204
85,-0.6285079217034558,0.11800502960837284
86,-0.6268512908149104,0.11317877388399086
87,-0.6241784665401375,0.11401284597971686
88,-0.6245574181455651,0.11171405296431154
89,-0.6266666299354001,0.11551827263166388
90,-0.6282265381759563,0.11096170909042272
91,-0.6352036646643949,0.11040921666871169
92,-0.6361123262711309,0.11064985631575062
93,-0.6429935688442452,0.11653776665645833
94,-0.645178795523909,0.10899123351296712
95,-0.6451226965094173,0.11167480987285977
96,-0.6527685498305842,0.1099798984411113
97,-0.652134236913601,0.11105566234008543
98,-0.6555294376378634,0.11257084609526383
99,-0.6586922504325888,0.11214082726513275
100,-0.6549589457624203,0.1072278322062415
101,-0.6609064995098944,0.10590761431274787
102,-0.6589125318272595,0.10790984308685556
103,-0.6607663351036864,0.10951454328871407
104,-0.6570190185355964,0.11366375926822803
105,-0.6490727717018829,0.10629760012762837
106,-0.648628537686494,0.10495980883900757
107,-0.6511929950459753,0.10490411631766067
108,-0.6479674302725209,0.10539187546899036
109,-0.6489541852886321,0.10604905647760669
110,-0.648215327958131,0.10700174412668176
111,-0.6557176849395573,0.10446484914525649
112,-0.6546790642596599,0.09846605437736057
113,-0.6566730668861709,0.10116081001057803
114,-0.6523700899660478,0.09796181185618558
115,-0.660297842901252,0.09962507312101199
116,-0.6588310617397689,0.10704615402407035
117,-0.6550967582767535,0.10254092259266455
118,-0.6584950331767155,0.10118747965836794
119,-0.6527853557696369,0.09745824661720504
120,-0.656973511088349,0.095500008954278
121,-0.657500961384142,0.10014858482766663
122,-0.6587495706417529,0.09856790008989758
123,-0.6689047904570387,0.09773354529595214
124,-0.6652655624267307,0.0977817067256519
125,-0.6662482421584579,0.09880669223247321
126,-0.6581281085945803,0.0905744378192977
127,-0.6623699545248626,0.09964098378098996
128,-0.6504856333765616,0.09268956485763129
129,-0.6497467281050024,0.09398149536746667
130,-0.656724460543467,0.09484494639399232
131,-0.6605752122159301,0.09452756839151971
132,-0.6718329044996614,0.09549678185832347
133,-0.667763051716086,0.09170550010989459
134,-0.655532106927767,0.09109154236011362
135,-0.6496389957193831,0.09205837817937368
136,-0.65837581348856,0.09274558680947054
137,-0.6570385309330632,0.09139985408213054
138,-0.6477092699146252,0.0935258323002348
139,-0.6455569465766412,0.08336684188456511
140,-0.6605331773548658,0.08630532277251296
141,-0.6540676848583499,0.09325102156934026
142,-0.6531162409236208,0.08875155600689705
143,-0.6517925512519567,0.09044321190459834
144,-0.6649311547740068,0.0936814533161753
145,-0.6691992055824165,0.08853775002178274
146,-0.6612561302971416,0.08316767810727504
147,-0.6597977270782972,0.08610889615803477
148,-0.6590875991633547,0.08484246252143775
149,-0.6499138435889227,0.08358308427366538
150,-0.6551344938821305,0.08848624960456385
151,-0.6632975257349616,0.08428763795988656
152,-0.6695055685593905,0.09044654152421652
153,-0.6653783126928909,0.07926207760175899
154,-0.6719132968594863,0.09131481347993489
155,-0.6702290995825356,0.08087544637227778
156,-0.6808388103568657,0.08804979671180731
157,-0.6603738047200582,0.07932856884451672
158,-0.6537573587938665,0.08279658467847295
159,-0.6529237663223048,0.08634427964911379
160,-0.6508308529287267,0.08454694246329843
161,-0.6648887228310784,0.08304426328250679
162,-0.669219143731175,0.08439046627559213
163,-0.6726672037645557,0.08268646537850473
164,-0.6756411380579816,0.08197679230428553
165,-0.6636496588388869,0.07561646345073234
166,-0.664233710470082,0.0812959209764704
167,-0.6680441271658915,0.07457337446864025
168,-0.6945154782901721,0.08137793701656679
169,-0.6845054226165179,0.08151920986738742
170,-0.685414354760953,0.07563451286223302
171,-0.685719578539816,0.07879585657414594
172,-0.6735194924833906,0.07779477207812992
173,-0.6839587738830737,0.07578577588305492
174,-0.6795286053422283,0.07313268197561734
175,-0.6920714450436827,0.06861158557334819
176,-0.6905380054866106,0.07063563062699467
177,-0.70291786195827,0.0712789620379311
178,-0.6998421472241789,0.07341334000779305
179,-0.7065168510401756,0.0719825388176787
180,-0.695275885300079,0.0719708692857795
181,-0.6887984820082287,0.07558858977908581
182,-0.6883604476341043,0.07147533365559702
183,-0.7100436307259181,0.07233185933389766
184,-0.7121542758507007,0.07510880795641972
185,-0.7121194622727891,0.07419920685205021
186,-0.7098319880187158,0.06643724206105803
187,-0.7104623311427964,0.07201178889895113
188,-0.7030195239190249,0.06631583331853219
189,-0.6918395327912782,0.06889303337261704
190,-0.7077691534578548,0.0749517272740881
191,-0.7119016416139285,0.06929298317147224
192,-0.7172858628881834,0.06937554664646968
193,-0.7089932780096196,0.06934809905868555
194,-0.7071344561561905,0.07116538399199662
195,-0.7110935068749719,0.07085864522355387
196,-0.7022000556817625,0.06633661851334582
197,-0.7010626375569857,0.06919683231774304
198,-0.7143321982980597,0.06578365268594216
199,-0.7290338819161097,0.06510089332589292
200,-0.7377711328412107,0.06697037669663986
201,-0.7296966447075774,0.06354116823907632
202,-0.7245055596857832,0.07003587922851932
203,-0.7245114576419652,0.06557604150124073
204,-0.7347136327719921,0.0628127339141489
205,-0.7412130226761152,0.06564435104175503
206,-0.742584054197333,0.0665951753750946
207,-0.7347379596595428,0.0686593944421342
208,-0.7224103061068701,0.06323531414388185
209,-0.7223359942456351,0.06540161093476535
210,-0.7183996496413637,0.06924292171708948
211,-0.7368850376457959,0.06495148351022256
212,-0.7395357975104302,0.06842282403837112
213,-0.7369223069745254,0.06475340113053366
214,-0.744073132018823,0.06379900562213373
215,-0.7440627799341635,0.061335840118781265
216,-0.7503022286723827,0.06601109809804345
217,-0.7563566007386299,0.06029033899079432
218,-0.7527099920311902,0.0629280236562845
219,-0.773788929266834,0.06297430426640135
220,-0.7546679659405846,0.06383814036113106
221,-0.7542595149024778,0.0559118136145408
222,-0.7542924763640079,0.05621633701641106
223,-0.7584621169836908,0.06653445690773709
224,-0.7555018763113106,0.06076939880874611
225,-0.7380041604334376,0.06446878384033299
226,-0.7489299181281679,0.05720935959271696
227,-0.7570359043340238,0.0641819451891602
228,-0.7693237536760893,0.06284526318819014
229,-0.800387991878597,0.06139914005232015
230,-0.795307330630664,0.05466429672913431
231,-0.7858422783571468,0.06172867809576005
232,-0.7564847864424562,0.06278347971690183
233,-0.7466511014139237,0.06393996855875803
234,-0.7393072535766113,0.06453852801675193
235,-0.7682086356079606,0.05566998597415404
236,-0.7978973863276149,0.05785163727740221
237,-0.8086151501916792,0.056629711590476
238,-0.8070593001839668,0.06162875810113563
239,-0.8018340357566056,0.05593745024651678
240,-0.7907321186080519,0.059751996997446044
241,-0.7819212710642419,0.06112611925074586
242,-0.7627558758889037,0.06145855147958125
243,-0.780992441545302,0.057241712189451247
244,-0.7873078779000536,0.05541770774051033
245,-0.797228211110204,0.06400955750172908
246,-0.8061358446020137,0.06636505655859865
247,-0.8110438092065827,0.06311374358642265
248,-0.8026301090609627,0.05852789184411286
249,-0.7996906639056902,0.05899989203976178
250,-0.7986738034634634,0.06061878971346804
251,-0.804731434366316,0.059737166122800514
252,-0.8061619374233241,0.0567517279629323
253,-0.8090345144034699,0.05974448494308921
254,-0.7997076433063249,0.06409979933326562
255,-0.7891707628358766,0.06136197433390701
256,-0.7990976768109578,0.055314965974524344
257,-0.7748281517384059,0.05916644569965951
258,-0.8034383372259837,0.05856495927379763
259,-0.798633150817383,0.055480873366667904
260,-0.8116342495949154,0.05050970274578237
261,-0.8110488662551865,0.06256978092808499
262,-0.8229177333097564,0.060688876323505926
263,-0.8130268254011509,0.05795488369748224
264,-0.8207542048090917,0.05424457549141587
265,-0.8227103219210832,0.06158787360022327
266,-0.8150135481069553,0.0556576603071406
267,-0.8230832961061105,0.056434432135598
268,-0.8282897883560003,0.05684873809649933
269,-0.8140814129482243,0.059074000281261994
270,-0.8318949009125758,0.06098035892563695
271,-0.8287107263549403,0.060707476726158616
272,-0.8214993097952257,0.05797971794309498
273,-0.8266363515280185,0.05718570234253178
274,-0.8300055748715521,0.054291061851612914
275,-0.8347595092087462,0.0538490662867421
276,-0.8356580079339558,0.05157628717878429
277,-0.843022863868331,0.05726417952153872
278,-0.8297530796048027,0.05362373760914055
279,-0.8230218770128899,0.058824388525862775
280,-0.8435892853047868,0.05712063098170862
281,-0.8417514271742215,0.06206107462291062
282,-0.8481188359563607,0.061295146029429676
283,-0.8457242884695253,0.06032117382000282
284,-0.8485229455286787,0.05752510148174532
285,-0.826721476118837,0.057190523005842
286,-0.8405506144747229,0.05705811487495513
287,-0.8368181444722335,0.05603764591634747
288,-0.8497143769275755,0.05395732144094478
289,-0.85428671359459,0.05860389633897305
290,-0.8537944707459293,0.05725288498272334
291,-0.8789935817225188,0.06106266062347493
292,-0.8818940377386647,0.06123984020947267
293,-0.8774960109104193,0.054689870605604624
294,-0.8539894269337717,0.057152093523317196
295,-0.8542127270879017,0.06258018293654362
296,-0.8274923825588021,0.05667776502922082
297,-0.8257970348342389,0.06118261456093258
298,-0.8431074711063589,0.051751818794273985
299,-0.8719176563186009,0.055139370235183435
300,-0.9070577842473972,0.0590155934916031
301,-0.8951841343316917,0.056201755812800375
302,-0.8917916167569228,0.05984050965669696
303,-0.8663178578888341,0.058469427863601625
304,-0.857068091816352,0.05200582102981143
305,-0.8354108513385687,0.061265992075714544
306,-0.8459343413971072,0.05415481300561863
307,-0.8815263792593322,0.055524480810918986
308,-0.912551098768143,0.06292754303643018
309,-0.917256579428064,0.0558950839377037
310,-0.9139420411072332,0.058340902195791855
311,-0.8944685384566337,0.06135020789253362
312,-0.8971071890143301,0.06491908285188339
313,-0.8767379873843945,0.06310319529237687
314,-0.8609077972962879,0.06265141124205395
315,-0.8852602653880224,0.05825635439108233
316,-0.8911295286317,0.051847038179839974
317,-0.9055794307974723,0.05674063890110923
318,-0.9027871093343696,0.06290673520139592
319,-0.9013630589362108,0.05851874471868301
320,-0.8950585917217474,0.0667235820797819
321,-0.8990850640785549,0.060527249156455215
322,-0.9007445074608513,0.054142007247287974
323,-0.9164220038097484,0.05882479950768269
324,-0.9298395925359146,0.06505703988744496
325,-0.9386074117376305,0.052112035445325916
326,-0.9250124849251471,0.06179881870454701
327,-0.9298018348119146,0.061901829939618236
328,-0.9317033813408382,0.06795142248451877
329,-0.9261942693187919,0.05373196023456499
330,-0.93526400452058,0.06151292341050798
331,-0.930693260682306,0.0675389892925462
332,-0.9345193373963908,0.057929903729116494
333,-0.9414679099065033,0.05993658563013822
334,-0.9331502511085845,0.06295586747903899
335,-0.9291577174673209,0.06023385604743824
336,-0.9294032603717022,0.06582834830755029
337,-0.9243936294393964,0.06288713751031517
338,-0.9306140546694337,0.06064757643998747
339,-0.9308577954090077,0.06702165247963038
340,-0.9543617415177289,0.05722964268976298
341,-0.9521214657950021,0.06088020152756567
342,-0.9587796386469878,0.057980568338180175
343,-0.9658136433693121,0.06053785756446593
344,-0.9645546583863072,0.06000874221202203
345,-0.9619111763195158,0.05903155503451472
346,-0.9524184989782164,0.05166844249614179
347,-0.9533328935673974,0.05892718360004247
348,-0.9420221618067521,0.06045810554861211
349,-0.9457737727577417,0.057408056112744105
350,-0.9299447538773274,0.05781325471293238
351,-0.9418497387153675,0.06596154217046454
352,-0.9690289578217599,0.059737293342822954
353,-0.9767990515270577,0.06753959842853155
354,-1.0027356102505247,0.05873947366595779
355,-0.9905114678851581,0.06931497845719325
356,-0.9724222050580723,0.053184746599829004
357,-0.9436342836000297,0.058488588860108465
358,-0.9473468372026502,0.05625259639717328
359,-0.9625073266073063,0.05665092434369118
360,-0.9840287402766927,0.06110116373832743
361,-0.989666605445171,0.06488996687653012
362,-0.9973568438015721,0.05361199547166458
363,-0.9923207210956297,0.04730516491872821
364,-0.9862374022032191,0.05594877248347104
365,-0.9942359701706497,0.05798771057748868
366,-0.9897507109199626,0.059486163883718954
367,-0.9978865902163754,0.05833753289643657
368,-1.0003232475120793,0.06201733256019936
369,-0.9938036302815394,0.05654308190459052
370,-1.0018774918061413,0.05695178232953038
371,-0.991648362735499,0.05737539035608322
372,-0.989613895855251,0.06463389127673855
373,-0.9893253572893861,0.06230702291481768
374,-1.0041907687547702,0.05758272886124552
375,-1.0119647703958392,0.06151372674902665
376,-1.0234808747131265,0.062205797899490614
377,-1.0325779344547128,0.05649631189575883
378,-1.037692572801454,0.059496712813856725
379,-1.0281927433465232,0.060110147822457105
380,-1.0092525534287904,0.06082191403468304
381,-0.9878047971373425,0.05379314023495602
382,-0.9790619589981538,0.059634911248846074
383,-0.9913542020918258,0.06251892253726628
384,-1.0155257766133223,0.05482476670094473
385,-1.0605524964334245,0.0539427973016271
386,-1.0756510588375274,0.06560330816365012
387,-1.0606798410656197,0.06306471785117145
388,-1.0416695865678935,0.05770133248813008
389,-1.0165191596400653,0.055607513794143346
390,-0.9996614948007182,0.06109691462342255
391,-0.9952049657326163,0.06486021357067427
392,-1.0147921789383028,0.056903077465056816
393,-1.040863092510493,0.05313475189908114
394,-1.059915609131467,0.05203349621512256
395,-1.076996141511229,0.050833619303218634
396,-1.069098135195845,0.06008379987658679
397,-1.0468081448738054,0.06367662204305946
398,-1.018112203478352,0.056817973387922105
399,-0.9943480860713396,0.06696536575359349
400,-1.0013897474568447,0.05478198764606282
401,-1.0271164537111086,0.06868537905592369
402,-1.0615227257250297,0.05709234859528381
403,-1.0812474085915553,0.05928903693249566
404,-1.0997727802902213,0.06254026655517377
405,-1.0791808806066567,0.06051043919198192
406,-1.0557659360867064,0.0593958315897581
407,-1.0301467384806307,0.0681921215067502
408,-1.021133492707118,0.061379846510380795
409,-1.0299308444700548,0.05523225601593725
410,-1.0471599778957794,0.06043363892313024
411,-1.0635454839659302,0.06219916271018253
412,-1.079361890416905,0.05157442415442641
413,-1.0900396873057683,0.05875997984568409
414,-1.0925024783830357,0.05727548158025226
415,-1.0852798355211852,0.06302709782216227
416,-1.0778952494772482,0.05999330874681092
417,-1.065112609883547,0.06805356800695861
418,-1.0551581701744706,0.05572008488910188
419,-1.0489580872181004,0.06342613168550004
420,-1.0692507890784189,0.061576033100651295
421,-1.0880498741129063,0.05876760668624895
422,-1.0899459392017217,0.05641337662151405
423,-1.1010916177931458,0.05839555840188197
424,-1.1011761239753963,0.05804271183186217
425,-1.1024290106612054,0.055615480462531605
426,-1.1003314434120224,0.06478526957715003
427,-1.1018551671497354,0.05362124047720643
428,-1.1107779816455592,0.05963823003269189
429,-1.1165410280425887,0.05889563631310066
430,-1.115184882708755,0.06567065858941543
431,-1.1159618472369432,0.055115783880758364
432,-1.1198918310296637,0.04972300658632159
433,-1.107616314465038,0.06240758898458674
434,-1.1096263836617142,0.061267009526094755
435,-1.1229345084996103,0.05419275071792371
436,-1.1295267044751,0.05923265671486807
437,-1.1329229095479132,0.0659301085683955
438,-1.1350197877282027,0.06597993323810884
439,-1.1259093531846482,0.0638955480189716
440,-1.1215524044661054,0.05313139491183109
441,-1.108271854132733,0.06823822882103805
442,-1.1064762039137963,0.06210533674174019
443,-1.1144620292861804,0.05341779714076904
444,-1.1424163212847196,0.05640764018816396
445,-1.1440259100433992,0.06146452190642737
446,-1.1483657091622206,0.05166781411381011
447,-1.154146762891804,0.06179284422051644
448,-1.1365103396573413,0.06003375259192742
449,-1.116606948828476,0.05415339451542383
450,-1.1091512478048062,0.05527404406233405
451,-1.1097126764163119,0.062196200002573955
452,-1.0993140856027448,0.059139212655554704
453,-1.119182733842426,0.053399924499663534
454,-1.1273604382248406,0.06401218982303436
455,-1.151816236283638,0.05648383058511228
456,-1.1638383812069826,0.05589968563825383
457,-1.1630705872664389,0.05796538435067302
458,-1.1517630809844475,0.06302001630572188
459,-1.1277412370389097,0.05407269753110019
460,-1.1177420492053354,0.062018848609238154
461,-1.1163573813768513,0.05832757502302838
462,-1.1259983840945385,0.059550321587156604
463,-1.1438773553132966,0.055023800751775834
464,-1.1476761772632724,0.05357871897440428
465,-1.1568011467659907,0.05453427381204458
466,-1.1810400428422254,0.06779892410977649
467,-1.1804531596463648,0.056141632188776255
468,-1.177403555358047,0.058443286109700024
469,-1.1515807448831143,0.05548307091348183
470,-1.1431150176217835,0.05897404401805733
471,-1.1437451643369347,0.05478447405765435
472,-1.1411771611276749,0.062307012784892264
473,-1.1529296837990146,0.06068695695347992
474,-1.175790209175148,0.05451333611534541
475,-1.1740388972283613,0.05547415918935862
476,-1.1847383698583558,0.06600357920095709
477,-1.1841393422473494,0.06301840420171152
478,-1.17827767536707,0.06283521613752167
479,-1.168248600489753,0.06473706826675349
480,-1.160687924086912,0.0649806136485079
481,-1.1644272821063244,0.05967033065344324
482,-1.1739465427739384,0.05815327053174933
483,-1.1939757139166987,0.052152094476963104
484,-1.2008448595771595,0.0581341194007932
485,-1.203514815498735,0.06003213835227057
486,-1.1890941619694988,0.05802941246127475
487,-1.1800202230506738,0.06257774631055629
488,-1.1725515795589025,0.0603873848841854
489,-1.165034908967417,0.061044513826322
490,-1.170396100679645,0.057017526522402814
491,-1.1808093055833722,0.05750505666407679
492,-1.1867517383523607,0.05773283768446275
493,-1.2106285414612652,0.05924949374419057
494,-1.2113630368672474,0.053476306431897755
495,-1.2027247390285083,0.06176440461521261
496,-1.192589058414773,0.06389399477146096
497,-1.177048025424296,0.05646397056078083
498,-1.169154530029007,0.062125565195682936
499,-1.178424174876332,0.06347690801857092
500,-1.1940401985735862,0.061131558305443014
501,-1.2154715493857555,0.04707630987217614
502,-1.2327730263807268,0.06172690224067154
503,-1.23254093348493,0.06343700202593681
504,-1.2176376931165327,0.06241425311633472
505,-1.2012415902887232,0.06369301563738962
506,-1.1828034063374275,0.061066097539565184
507,-1.1752866233402086,0.06518117686467273
508,-1.1772578348196832,0.053550892406853894
509,-1.183248447633001,0.06281160225266536
510,-1.1922361023362475,0.06607425269208815
511,-1.2092584117813026,0.055234135999153694
512,-1.2204509562160935,0.061539656550901614
513,-1.2306372719862917,0.057229317376389525
514,-1.2198062209297071,0.05084005168925464
515,-1.215283959373647,0.061581607657775206
516,-1.2002500953049866,0.05170451196346717
517,-1.1899447991471048,0.061625363267008
518,-1.1894779831785067,0.0642923298240668
519,-1.1869196341351076,0.060127632800749134
520,-1.1861783785591005,0.05997810791666238
521,-1.2075071856887019,0.06292778166432596
522,-1.224321408265624,0.06421880297027777
523,-1.228122074230543,0.05334927169762221
524,-1.2396266836755938,0.06395887916047599
525,-1.2308261555884208,0.061587406336765446
526,-1.2141603822667435,0.05172916096657922
527,-1.1976482243006545,0.0578076210374532
528,-1.2025947507456052,0.0554016077724144
529,-1.2159904055804107,0.06107917242515282
530,-1.2215689198803195,0.05624773220499797
531,-1.230077487580575,0.052368914813793147
532,-1.2400795998368435,0.05788799171546292
533,-1.2368927627643742,0.0640665165155193
534,-1.2435775013540793,0.055633002380691826
535,-1.2403606521704202,0.05465191306764967
536,-1.2412644606219536,0.06248730660422361
537,-1.2325315428943586,0.056664268974515125
538,-1.23051215478054,0.06228222773969679
539,-1.2331193812026657,0.05191412718421613
540,-1.2352164698473767,0.05147843435874924
541,-1.2405592771964462,0.06441315865716823
542,-1.2466989962425694,0.060394706212064726
543,-1.2395727383054986,0.06975214048938061
544,-1.2409871181321843,0.05783460992943513
545,-1.240375391488498,0.05976327893540476
546,-1.2440430308775592,0.06084496744857085
547,-1.2411541255062295,0.05748960499067001
548,-1.2395861603837806,0.05964440239796236
549,-1.2388451763973267,0.05917271534763046
550,-1.235410850259512,0.0570525679208802
551,-1.2533374482300532,0.06260307099978295
552,-1.254830543574973,0.05928723424307129
553,-1.2484222369922704,0.06588479382041193
554,-1.2523984173553129,0.05820667843335688
555,-1.2468757100997914,0.059006966255732075
556,-1.257646227287283,0.054585212339145706
557,-1.2635896067655754,0.055159133376894265
558,-1.2628993919441407,0.05231111642656954
559,-1.2552047798636048,0.05644608124970668
560,-1.2485752867124609,0.05907842704065822
561,-1.2510863370075576,0.05512820493023189
562,-1.248275196738083,0.05365382024030789
563,-1.2621660664400838,0.05992001562839046
564,-1.267328579088732,0.057395149738591125
565,-1.2738558296440132,0.055536222204143476
566,-1.2689443501251703,0.06085260516736762
567,-1.2568806593762198,0.060435140559649374
568,-1.2587628193953437,0.051769245578101475
569,-1.245702078062155,0.06624532691123763
570,-1.2441092632685684,0.05360510538361643
571,-1.2406117652488584,0.05748278348488804
572,-1.2501114705610616,0.05500504661973475
573,-1.2566028896028902,0.06001818298822438
574,-1.2531279406294964,0.06274503953848361
575,-1.260066511979611,0.06029971251872965
576,-1.2571180726853173,0.06025028482609074
577,-1.253137157541806,0.05899911112941714
578,-1.2604309303185095,0.05557008751107431
579,-1.2594768348067311,0.05683395610441409
580,-1.266815021964077,0.06221992787061263
581,-1.2646206121276822,0.06499479238813131
582,-1.2609630513657388,0.05576932122778783
583,-1.258006450196649,0.062431300722171554
584,-1.2622530290291143,0.06059439418586135
585,-1.2597430347228313,0.06453028132364202
586,-1.2639095388056145,0.06570261842551042
587,-1.2683853357384107,0.0542605561255482
588,-1.2695463518041779,0.061128535792234456
589,-1.2699457653837984,0.056949768621697455
590,-1.2791237614195659,0.06620581675588964
591,-1.2775986893849685,0.060508936461939986
592,-1.2757279766327767,0.05312653652878788
593,-1.2757657440693122,0.05816815139439749
594,-1.2863654346433722,0.06529011570275782
595,-1.2738792650232182,0.06620186439274468
596,-1.2736557893665452,0.05713279076805177
597,-1.2666236657193393,0.05936558453598155
598,-1.2768566808796267,0.06040143405861571
599,-1.2780844044982675,0.061302233405063994
600,-1.286388444991895,0.06115124972680147
601,-1.2938593136601149,0.0673311315685447
602,-1.3043103460465586,0.05741583653110621
603,-1.311374995624269,0.05395563388866575
604,-1.3045604320386617,0.06553203936601716
605,-1.2906824476741101,0.060268365516036225
606,-1.2729281980934481,0.054055001948258186
607,-1.2686619420451515,0.06420169981956944
608,-1.2690603607218596,0.06276622845011866
609,-1.2896593867155266,0.07000015866580647
610,-1.3010290026665574,0.06451594424356989
611,-1.3170431674553573,0.060811004034350004
612,-1.3019551770554454,0.06514382454720913
613,-1.2941178665361233,0.06935917201358534
614,-1.2909415786547065,0.060672897322254914
615,-1.283861852935604,0.05434639827568811
616,-1.2774061933828782,0.05576012682747483
617,-1.2909279768799058,0.058310790870274375
618,-1.3054779676249741,0.06292866742591449
619,-1.3209588335248044,0.05871901945369698
620,-1.3211157654303336,0.061476476880429246
621,-1.3126637636981484,0.05900263658914147
622,-1.300637848711466,0.06637625379849635
623,-1.3078044357054446,0.05577817528883053
624,-1.3019625350786765,0.06248420154480815
625,-1.3074626192647094,0.06031013043009634
626,-1.3028010047132828,0.05822976049395715
627,-1.3008580481519763,0.054096162431056194
628,-1.3029766716877982,0.06192590676955123
629,-1.3053124725961476,0.06381034173005665
630,-1.322655440902658,0.05638624068090349
631,-1.3209764317404802,0.06815325763897483
632,-1.3269498074674042,0.054018184889881096
633,-1.3253879711138592,0.06671633499192732
634,-1.3022791513153424,0.06223489582066489
635,-1.2824954339093233,0.05990169356844606
636,-1.2719091441287511,0.057989480279324254
637,-1.2819111600558473,0.057226599816056836
638,-1.2985011576345828,0.05557916414023216
639,-1.3211755938888188,0.06723309150706991
640,-1.345561133154887,0.0521849955050114
641,-1.3581098539558214,0.06575223396270029
642,-1.3451861112009662,0.06355797080489842
643,-1.3328348721734025,0.06534819616916218
644,-1.31210145279112,0.06653201734158486
645,-1.3024465674344787,0.059083073590664045
646,-1.299475128499837,0.0587723661044692
647,-1.3017586749449528,0.06391231136502687
648,-1.30792073095057,0.05705426853061392
649,-1.3228540501131976,0.06259627319963006
650,-1.3342408274934316,0.06034305185475167
651,-1.3548576595587163,0.058021498559033935
652,-1.3590482982632706,0.0626772372794772
653,-1.3311567928199057,0.059288131565368385
654,-1.3130290144298924,0.06597700471825324
655,-1.315370635900971,0.05790105425376929
656,-1.3156053333875288,0.06550789361167662
657,-1.3195548436237956,0.061597753714216
658,-1.334475008173441,0.06444244072715233
659,-1.3417151678755799,0.0679533212781982
660,-1.3429451094272136,0.06621097256650907
661,-1.3382440819686554,0.06576986702074793
662,-1.3371764974841351,0.06796373666065966
663,-1.3346633552571552,0.05875565981899386
664,-1.3310160616314548,0.0663135680260986
665,-1.3390943785274532,0.05995598303977394
666,-1.3613759890054797,0.06041741563265712
667,-1.3697830170281537,0.06745690231535145
668,-1.3618972992231198,0.05057637434376726
669,-1.356211073367747,0.06715232851654482
670,-1.3591469285785,0.06897457271643112
671,-1.3566907490374578,0.05522793744611495
672,-1.3386951743681696,0.06725789197231763
673,-1.3344904135615367,0.05691293766472428
674,-1.3348074339971623,0.06016328953477474
675,-1.3505546187195585,0.06007558602373442
676,-1.3495657136305004,0.06330929210147976
677,-1.345502815710407,0.05819295859291595
678,-1.3538420239150142,0.061763105399793294
679,-1.3570948274173666,0.05964599327645218
680,-1.356425097806102,0.056086247497645486
681,-1.3611593195882943,0.05615773989281688
682,-1.3668897854889381,0.0637770702646436
683,-1.3566020287168121,0.05224140127940185
684,-1.355881061013806,0.05498811014955192
685,-1.35651512446363,0.06908215014476746
686,-1.3599413887490488,0.06142564763825098
687,-1.3624699037421675,0.05569199757960947
688,-1.3687749875102853,0.056998106680470464
689,-1.3826762891409166,0.060776778859593775
690,-1.3827199325270039,0.05651872911627864
691,-1.3752482732011329,0.06419035267536267
692,-1.3687351834870967,0.07702609743758904
693,-1.35782948236425,0.06156478813766324
694,-1.3666658916054242,0.06251485460385907
695,-1.3733536145794016,0.051696561021038305
696,-1.3881700830598311,0.06069149471760722
697,-1.3970887686654385,0.0694489269951946
698,-1.4017221289363253,0.05888617558282361
699,-1.3981675195923449,0.05823772527497647
700,-1.3899912985840999,0.0678528550162888
701,-1.3858976600888302,0.05496791077296534
702,-1.3803349529657336,0.04636052017530669
703,-1.378237694836454,0.05687190347012903
704,-1.3822128846276533,0.06035696098585809
705,-1.3953069008374301,0.05587956818232554
706,-1.4054940587189493,0.05771700381946321
707,-1.4068814579088391,0.06007456294934743
708,-1.4056650360466079,0.06621517157918651
709,-1.3973633349767978,0.06164449826057053
710,-1.3956926060651402,0.05448588462359587
711,-1.3928734672973564,0.058615308555167646
712,-1.3897858390670625,0.05541138951589138
713,-1.3922999626195374,0.06689738256423486
714,-1.4000537467259349,0.05630598309444926
715,-1.4013105946812612,0.05681793393799461
716,-1.4065120951901444,0.05445356624916783
717,-1.4123848782666792,0.05650729868275395
718,-1.4209749993111798,0.054965403911342185
719,-1.4217144307839,0.06837350575179703
720,-1.4158008759487926,0.059263011258504215
721,-1.3969647790445552,0.06243157937134576
722,-1.3906787446931241,0.06239196757274454
723,-1.3877486387536637,0.07415524356679727
724,-1.3795761211220827,0.06070722479429551
725,-1.3890041210474138,0.06333544077949442
726,-1.402592877219911,0.05115080771897504
727,-1.4152886128252493,0.06497371856437033
728,-1.4232610521731184,0.083790651933494
729,-1.416937901375174,0.05326382076207889
730,-1.4068510831472074,0.05451799324297158
731,-1.4008347152588096,0.06899974939200594
732,-1.394303298473,0.07151744606975449
733,-1.3819298476293407,0.06984430142397366
734,-1.3849849274256072,0.0683592383322917
735,-1.391781241755624,0.0660089590023706
736,-1.3989176222819055,0.06491918734088886
737,-1.420638056609806,0.06577248671134683
738,-1.4206266058451837,0.06082292816635852
739,-1.415377635864201,0.06274095926781802
740,-1.4046018818960055,0.057947195571190394
741,-1.3984729192262941,0.06725562757966236
742,-1.382582827225154,0.06310013987406304
743,-1.375014394613884,0.06977471363633952
744,-1.3782101700048797,0.055610653453562794
745,-1.3953244108541605,0.06522621983751371
746,-1.4117838043331958,0.06442420667582285
747,-1.4336898118827568,0.06871724548990135
748,-1.4355159345694783,0.0651830561563793
749,-1.4342258593776882,0.06213600299654396
750,-1.4273453193164363,0.0656381205917067
751,-1.409649455840845,0.06275844971839944
752,-1.408572314874435,0.06686262018501243
753,-1.405331012107679,0.058610419880614606
754,-1.4124288788809107,0.06638967852865126
755,-1.4161941937258604,0.05428806580208426
756,-1.4209920648805312,0.07295683731892577
757,-1.4167644723557415,0.06771278425111106
758,-1.4175498100415544,0.05137528187989868
759,-1.4095881871812206,0.06135517064898255
760,-1.4091928385576369,0.0640705545724926
761,-1.4291737652154175,0.061963041476965325
762,-1.4389765148341478,0.04965237646133805
763,-1.4539443461702097,0.06410480493384735
764,-1.4556302192037753,0.06160579496095002
765,-1.4561051207221225,0.05638763690840656
766,-1.4357125268099797,0.055190727427231176
767,-1.4303036211483728,0.06034449172694333
768,-1.4278146873352031,0.06363814940686002
769,-1.4222916668236265,0.06320255690081791
770,-1.4336069188931981,0.052487593244655385
771,-1.444013808489825,0.07160627149936591
772,-1.4532371198732534,0.06230118220963521
773,-1.4565145809864326,0.06806440563030403
774,-1.456639546665311,0.052839535396244044
775,-1.449873841718597,0.05727236188601066
776,-1.4423973162878172,0.05561726250514279
777,-1.4386236356458257,0.06257612415763056
778,-1.4421910475682753,0.05474246478892003
779,-1.447882861325088,0.06638453641904096
780,-1.453673100168195,0.06654682258325673
781,-1.455431198189231,0.08662716937416007
782,-1.451928557464388,0.05260881041456762
783,-1.4507222941848903,0.057047439859102884
784,-1.4590613565857522,0.07403147412149279
785,-1.4538140448632693,0.06374865126038574
786,-1.4561463028508754,0.07026536988151849
787,-1.448451309202468,0.06869255025165628
788,-1.4344351139543954,0.062158435247352165
789,-1.43358170811385,0.06326822530086626
790,-1.4410019480626104,0.059583881633146
791,-1.4524608378127348,0.061175486324858946
792,-1.449964904084104,0.05361518122787276
793,-1.4577615256738943,0.05223395294707215
794,-1.4655486104365556,0.05590105088835018
795,-1.4741321707127097,0.05990865113767152
796,-1.4770470208583268,0.05335796290205559
797,-1.4832024342614327,0.0649003161483762
798,-1.4834331184423606,0.06346443120229234
799,-1.4679507184067249,0.055363350931476034
800,-1.4647927681941235,0.059175698227715096
801,-1.457069536461728,0.06607856547129518
802,-1.4504314643185185,0.05568536864579635
803,-1.4590669573548598,0.07174427851945384
804,-1.4643840335320606,0.06294208683280345
805,-1.4792838432015638,0.06284572337780386
806,-1.4813821523139292,0.05374406275297071
807,-1.4938746052494636,0.06803541794590892
808,-1.4873492159669373,0.06954836142515133
809,-1.4780045516474625,0.050321595043014096
810,-1.4665642327673978,0.06372101426697008
811,-1.45913720831589,0.07198100046737031
812,-1.4447220122966353,0.06235460587074783
813,-1.4553887829528667,0.06280395102085198
814,-1.4679329114193094,0.05685210719213987
815,-1.491240832351939,0.06513778121533134
816,-1.5028221089512965,0.05466759957157976
817,-1.5110857065749201,0.055831747777226125
818,-1.5065953643095003,0.06557991751897375
819,-1.4898172721348468,0.06419403774743787
820,-1.4638747056151868,0.060787517232874094
821,-1.4603375812684052,0.06029539208162379
822,-1.4688812371140476,0.06083186491382685
823,-1.4912396278911715,0.05956878551667959
824,-1.5011255390185372,0.05743407517506481
825,-1.5067555922804163,0.05545993620298334
826,-1.5003278719944215,0.06712575449796482
827,-1.4917710626680685,0.048466843979169213
828,-1.4888150665621378,0.07196279322997899
829,-1.4890287804610218,0.053544935441223754
830,-1.4912387588716969,0.0591713689145012
831,-1.5004211738416813,0.07462492186806
832,-1.5018173849611642,0.05953038243685191
833,-1.500583616226869,0.05539817626813137
834,-1.504814472247872,0.05424917056832122
835,-1.5130610214313551,0.05850503873463817
836,-1.5129815803476696,0.06376259888280356
837,-1.5095571086494681,0.05725870466825483
838,-1.510054583375291,0.05656057766512014
839,-1.512339910955149,0.06396571329697531
840,-1.5162016063828792,0.054947380928362294
841,-1.5116724924585518,0.060543155110409655
842,-1.5013609485889234,0.06611593250970527
843,-1.5010144834696506,0.06758542239037696
844,-1.5120374119463942,0.06660291497602021
845,-1.5339144169473884,0.05867550629416549
846,-1.5366403414778302,0.05544950479391363
847,-1.5277446648572437,0.0652732374213898
848,-1.5260049084911964,0.06694003849988346
849,-1.5165123867386345,0.050547620876898014
850,-1.509001040317892,0.058341717878761794
851,-1.5028544942927797,0.06549328051284856
852,-1.5109897358377054,0.056309943994644146
853,-1.5253862176356947,0.055757024945109895
854,-1.5349595249557462,0.07015146014469599
855,-1.539590096464606,0.056799385887984305
856,-1.5401429129428519,0.06721017095175123
857,-1.5308198233224841,0.07749025318859896
858,-1.5310927461656538,0.06728352395930745
859,-1.5278926684016083,0.0683705115792272
860,-1.5177478757266214,0.06271091782431931
861,-1.5096232930811337,0.06160313477182331
862,-1.5147650285993441,0.06061638271554859
863,-1.5255024500213947,0.06460860357919429
864,-1.534102415329453,0.06531234497062344
865,-1.5465983754091923,0.05423759161121964
866,-1.5455270606716534,0.05916664502132428
867,-1.5393088306348703,0.060977189367992575
868,-1.5288349192455093,0.051886510088932275
869,-1.5295593331762474,0.07052934726235358
870,-1.52957597127623,0.053946412087730294
871,-1.5324088399493878,0.051825112743260744
872,-1.5516885839795305,0.06293888244742706
873,-1.561716314644454,0.05783110560781867
874,-1.5643463276616467,0.05989131225636217
875,-1.5628760984106653,0.06441407164620613
876,-1.5569619965401944,0.06738085667416582
877,-1.5428402936239831,0.06092887414996342
878,-1.5247668669970775,0.07066442042535565
879,-1.502813393797565,0.06842801643227973
880,-1.5007047830455553,0.05765935558836339
881,-1.5219939908293372,0.06675100422206716
882,-1.547892749465415,0.07067668083013454
883,-1.565749399172133,0.05946679056786454
884,-1.5731926365490616,0.06277476910520967
885,-1.5666101328366577,0.05972783789610253
886,-1.5431321667025346,0.06173446605786879
887,-1.5358098938726763,0.06205023999332823
888,-1.5182611434368336,0.06075350215595367
889,-1.5192640521121614,0.07269162846965295
890,-1.521800656664748,0.05682402101925129
891,-1.539113162596563,0.06921704263560231
892,-1.5658569090421703,0.061758351507596815
893,-1.5701837755642583,0.06513457176716421
894,-1.5737622067529202,0.06667442892428438
895,-1.5828591103796803,0.06127975503421816
896,-1.5700969813830683,0.05833808593073541
897,-1.5675452507305039,0.06359822457268142
898,-1.5535122941662827,0.05518855730933102
899,-1.5494045880125347,0.07198323938935719
900,-1.55565248216437,0.07130089310320889
901,-1.5594329668935307,0.0691444853345881
902,-1.5680581312898416,0.05629458219606172
903,-1.579046274505315,0.06048776699063119
904,-1.5815686061732057,0.05747818961865265
905,-1.5797148756027615,0.062308382466321394
906,-1.5770687751656336,0.05741488711028833
907,-1.5615760340234122,0.060159704478249226
908,-1.565977320794875,0.06203617802437995
909,-1.5656417546083905,0.07093528143903767
910,-1.567904506764366,0.05708119708880875
911,-1.5604985640396305,0.059243209949504175
912,-1.564571872347694,0.05558734593268959
913,-1.5818760981747977,0.06616938949158964
914,-1.5832046602618088,0.059972310165223384
915,-1.5993424656271744,0.07425747474325166
916,-1.5881231948293968,0.06019543332219688
917,-1.5751480175286319,0.0589286912553811
918,-1.566070117013129,0.05926982489285959
919,-1.5724615670840087,0.07381188577841993
920,-1.5561557529526764,0.06185688764506612
921,-1.5567477904869866,0.053343291025953296
922,-1.559377979816695,0.06943397311376169
923,-1.570798563266497,0.06396511455954071
924,-1.5884252036479467,0.06314998046066342
925,-1.5931039693448852,0.06168701933506443
926,-1.6025533009599535,0.06851170301834054
927,-1.588177712262889,0.055124556239572776
928,-1.584447084669732,0.05853454194655016
929,-1.5830952313438755,0.07248467789768702
930,-1.586359778120192,0.0656060956168803
931,-1.5921265682218253,0.05726844345555128
932,-1.5941533363849703,0.07233033865675853
933,-1.6004465073233554,0.06186625960156383
934,-1.5986296874438661,0.06844640798814966
935,-1.5934849262984914,0.054577932583938234
936,-1.6007436667882748,0.06136713449521347
937,-1.607610015861823,0.06525695652783696
938,-1.6064599429386326,0.057939042418115864
939,-1.5994683813600354,0.0560557850670145
940,-1.5977335341014935,0.0573560725313373
941,-1.5879812226978687,0.062027940858149555
942,-1.5852820216430092,0.061033532817014916
943,-1.5829798882519355,0.06039050895966366
944,-1.577437519118549,0.06392586247821697
945,-1.5907045499844776,0.07252758868417916
946,-1.6009070237663987,0.06096851155026098
947,-1.612390361090212,0.05951393552448209
948,-1.6202372897636583,0.048988887441807946
949,-1.6249961955384538,0.06556693065349496
950,-1.6238542428481906,0.06099986116098433
951,-1.6128193737132615,0.06675435660510595
952,-1.6066267967471521,0.06238139215355878
953,-1.5923514809668315,0.05750149608049807
954,-1.6051071753240027,0.07201554973003528
955,-1.6131824687685934,0.05357022591555444
956,-1.6187466085334492,0.06656937333787415
957,-1.6167840091635235,0.06145374056382889
958,-1.6060992482368972,0.06368262599657629
959,-1.6085329468757745,0.05904604521286097
960,-1.6185846005803315,0.0636616040932913
961,-1.623744205249308,0.051934544932707744
962,-1.634356042553193,0.063006793773353
963,-1.6195422926082201,0.05836070246029916
964,-1.606263888728999,0.060893282755329556
965,-1.6159162184115243,0.06001557238594678
966,-1.6206247689740654,0.06348563168161081
967,-1.6158726215580594,0.06056197253965202
968,-1.6277360488581638,0.05347624725560216
969,-1.6338954863004123,0.05216462521289678
970,-1.6366214421674508,0.05442862532494256
971,-1.6372315052173454,0.07217771165172734
972,-1.638418768511006,0.06152370806720274
973,-1.6293352445164313,0.057354878288468164
974,-1.6291365695072495,0.057696404087677
975,-1.6282232571805588,0.047393939914740196
976,-1.632158127898994,0.06312095399889464
977,-1.6322752991427385,0.05844554449209361
978,-1.6451960038456908,0.07433025454098557
979,-1.6303844194772148,0.06238790666168657
980,-1.6359333200992017,0.05673994027639774
981,-1.6421236136780946,0.06300860435577409
982,-1.6522869857008116,0.05643548573546624
983,-1.6573315447643984,0.07288626645302906
984,-1.6662178556481284,0.0722055615494416
985,-1.6620890597873217,0.05676442110210979
986,-1.653016423839588,0.05429974994554117
987,-1.6367280413520575,0.06223110425754301
988,-1.6382969525605215,0.053450844467788035
989,-1.6447129526101705,0.059743404143040885
990,-1.6564080841460207,0.058921207266949924
991,-1.6629643674451657,0.06647482980626519
992,-1.6570761346005016,0.059138281309006537
993,-1.6492068356698693,0.06531173502515958
994,-1.649907533748565,0.0620482526607186
995,-1.6475223048335728,0.06939007210769677
996,-1.6563981870929796,0.06362322869825107
997,-1.663941653565242,0.07693445208140179
998,-1.6552389310122444,0.05677390013543472
999,-1.6528502446932336,0.06091432059508649
1000,-1.6509240161194771,0.05846439969760599
1001,-1.6518454288244055,0.06416321670234802
1002,-1.6526548367226457,0.06377230716066579
1003,-1.6658281940154702,0.06370284179415027
1004,-1.6680076189192723,0.060360059513238876
1005,-1.6558221939831523,0.05393979797562036
1006,-1.6527209855833558,0.06781984945146352
1007,-1.6532513928161177,0.06269072844031079
1008,-1.6543189550224064,0.060350380913783544
1009,-1.6621698177880841,0.05949247536081279
1010,-1.6795610085860746,0.054444681987252164
1011,-1.6807715907647158,0.059587839970642084
1012,-1.6796140783415812,0.06712196395029593
1013,-1.664481935093529,0.06018456002935065
1014,-1.6544105327863192,0.060481424775827575
1015,-1.6477603959671048,0.07217654056440877
1016,-1.6520282270134674,0.05047082648837276
1017,-1.6637518634911879,0.062441774537522296
1018,-1.6858792894206442,0.07542579534124173
1019,-1.702420469225081,0.06519216801698048
1020,-1.7077643179918423,0.06186226604671577
1021,-1.6947693424562462,0.05447770432926041
1022,-1.6824485522089514,0.08208842953519412
1023,-1.6557772108657351,0.06922186099951759
1024,-1.644347267775657,0.07674429802240652
1025,-1.6411968345498233,0.05611203324434523
1026,-1.661265896609661,0.07317266911416638
1027,-1.6805775701832095,0.059946419500625694
1028,-1.699551377629549,0.051108705417610006
1029,-1.7065979142932561,0.06361840224238838
1030,-1.7007233314453334,0.07718515424390389
1031,-1.6768079495078503,0.06159266716565989
1032,-1.6621447159053044,0.06980827054536423
1033,-1.6480891885770457,0.06560926056176784
1034,-1.6513042073467454,0.05992986897789697
1035,-1.6687560360916511,0.07128870356744518
1036,-1.6843772228520968,0.058848553234185016
1037,-1.710166090761885,0.07139837632376958
1038,-1.7324627295252042,0.07845242983409449
1039,-1.7179606881413976,0.05762642087551237
1040,-1.7013637541729345,0.05979621118952972
1041,-1.6647352767388,0.07137427042202929
1042,-1.6521331477230805,0.06322554543529085
1043,-1.644456490409648,0.06432502002495649
1044,-1.6583327103117802,0.07134069481366573
1045,-1.6863983412716392,0.06247387863920123
1046,-1.7094694809465456,0.057007848054561175
1047,-1.7201485687667009,0.060621802600240776
1048,-1.7185720988759297,0.07444231915859195
1049,-1.6965600363605138,0.06065340891445069
1050,-1.6867468098652387,0.06046377664026756
1051,-1.6654410810055986,0.06893066584481783
1052,-1.6540588441452795,0.06299378094764288
1053,-1.671098961604609,0.06030598439171157
1054,-1.6987786283972173,0.06614936845015945
1055,-1.7092502199039972,0.06609654598374957
1056,-1.7228039254168934,0.06038895850766696
1057,-1.711190603390909,0.07136967019857127
1058,-1.6963536225539775,0.06997313187308286
1059,-1.694857748894842,0.06480584772469333
1060,-1.6737423101641407,0.07574062176988472
1061,-1.677691993267652,0.054356377708315605
1062,-1.6883565774128408,0.06682795400369425
1063,-1.6918307359003406,0.05437860326237627
1064,-1.7096240747519607,0.06524577161562554
1065,-1.7305502213960748,0.05960738448443183
1066,-1.7473788909043269,0.07306836429832578
1067,-1.7378750920516626,0.06065824134486583
1068,-1.71284630390918,0.06826295843419364
1069,-1.692695844991368,0.060022153312070205
1070,-1.6811475354447283,0.0636545751274787
1071,-1.6908045137243601,0.07116839913947401
1072,-1.7133773973242397,0.07353426070551339
1073,-1.730488367317088,0.06538915875887158
1074,-1.7395344765815564,0.06087769243223959
1075,-1.7447197382913195,0.0565268354252413
1076,-1.748034909042236,0.061771015058401886
1077,-1.7391308731133235,0.05150865946617958
1078,-1.7254678114002835,0.07031025794532741
1079,-1.7028056931464666,0.06527495366994143
1080,-1.682115696949702,0.05910033147682182
1081,-1.69025314097628,0.06649910494242342
1082,-1.7113379248213028,0.07268808395223247
1083,-1.7377187796607054,0.06300547011784505
1084,-1.7505473238329916,0.062271210091840015
1085,-1.750606277782395,0.0648668713528952
1086,-1.7357445844211818,0.0627377088539495
1087,-1.7203428916798502,0.05775969825866623
1088,-1.7063965530134668,0.06712756477821749
1089,-1.6979696278729122,0.06128919364371909
1090,-1.7057944152104174,0.06774645278134006
1091,-1.720832543234451,0.07067598991454566
1092,-1.7277488093931188,0.06807480093527174
1093,-1.7353754824836434,0.06971839537467825
1094,-1.7469503503018298,0.05486547677972716
1095,-1.7579748619067912,0.061081458828986565
1096,-1.758697236347929,0.07251006751522998
1097,-1.7474387214955707,0.0803546491797064
1098,-1.7338197088102725,0.07153383709933779
1099,-1.7191005832795652,0.07646357884273931
1100,-1.6984616158605357,0.07694350579569503
1101,-1.7065599325128067,0.059063712603280735
1102,-1.7167414104114598,0.06104199823486725
1103,-1.7353588578689796,0.054417655348637475
1104,-1.7550911324990062,0.05720788632975898
1105,-1.767171383635478,0.07182316691232109
1106,-1.753982037575807,0.06065410563241169
1107,-1.7457261164492663,0.05889076807705754
1108,-1.7443352253395217,0.06104153862219355
1109,-1.742072022184512,0.06803144111094331
1110,-1.7377253255647505,0.06676600606117021
1111,-1.7476243242846372,0.05959771574188603
1112,-1.76387786280003,0.06127899326430501
1113,-1.7767955028435085,0.06270167549528688
1114,-1.7766383034887672,0.05463154878791805
1115,-1.7735653254841948,0.06673518640409126
1116,-1.763364241930419,0.06066566858696913
1117,-1.7539906515578227,0.06153408847988695
1118,-1.7635505003400143,0.06418766457890501
1119,-1.7581085963981868,0.07054278336262222
1120,-1.7620674381972607,0.05513609549102463
1121,-1.7604441628659964,0.06744544901694477
1122,-1.7687338943849835,0.07346930704249949
1123,-1.7561331772332838,0.06702306332512548
1124,-1.7541899574814397,0.06740968856964154
1125,-1.750843689737824,0.06321239414708116
1126,-1.7586407613230035,0.07176109736703536
1127,-1.760138918861958,0.06359521194436944
1128,-1.7598145500391311,0.06483177688655556
1129,-1.754831652192074,0.059763654898020886
1130,-1.7644244214017828,0.08211475604706114
1131,-1.765718597524411,0.05282382520023039
1132,-1.7758555127974522,0.06818063693030188
1133,-1.7771102833065444,0.07287449413545846
1134,-1.7840356251563123,0.0720784709279792
1135,-1.7902855735187264,0.07187761186214547
1136,-1.7860641322832458,0.04993574243526462
1137,-1.7799436964210993,0.06711692641125863
1138,-1.7765927862193687,0.06830180911610163
1139,-1.7683349797195922,0.05314646146061995
1140,-1.7628849472579193,0.06482062815869467
1141,-1.7671731708240221,0.06371524438185165
1142,-1.7784059691108185,0.06131697891209674
1143,-1.787064494858349,0.0533089527543816
1144,-1.8100236262319147,0.05674293844655316
1145,-1.8185929801678702,0.06764646110511038
1146,-1.8125842566200667,0.06176584531261414
1147,-1.7891607410979145,0.05245296361064333
1148,-1.7808305369404436,0.07383704226928459
1149,-1.7766567437685414,0.0664049621521046
1150,-1.7806076885745514,0.0719529551925677
1151,-1.7838290165737287,0.060717683793873434
1152,-1.795147895306527,0.054705400254118006
1153,-1.8141845046198377,0.05868036711248843
1154,-1.8242310818616898,0.06009488797802654
1155,-1.8199211054271198,0.060078762814708954
1156,-1.8183457013530884,0.07154173231004007
1157,-1.8007324453474058,0.058568063338935224
1158,-1.7775158845272252,0.06411045660052901
1159,-1.7717599087862934,0.07797248252000173
1160,-1.7877108300821551,0.059121177255522475
1161,-1.7988439970805539,0.06144809025588312
1162,-1.8088457296996936,0.06251402277492507
1163,-1.8076851358086359,0.06360238413640491
1164,-1.8048350987980444,0.07574719215336007
1165,-1.7922856691098001,0.06329133801740656
1166,-1.7734565070515627,0.057853023979863846
1167,-1.7861851792010732,0.06734729807116795
1168,-1.8027040720389458,0.07329499779249321
1169,-1.8104689378011916,0.07149122444174325
1170,-1.809911821267432,0.05903428636106779
1171,-1.8060807910730992,0.07189155814221078
1172,-1.799148583658476,0.0687773447405919
1173,-1.7919707137311065,0.07427515270704599
1174,-1.80489906470906,0.06277126769539021
1175,-1.8068827883976155,0.0601798038373251
1176,-1.8206328236312859,0.07571586032733205
1177,-1.8087412027745635,0.06336694884182052
1178,-1.7996992271802394,0.0616822839568356
1179,-1.7825758641243576,0.05091639518530288
1180,-1.8009863132710553,0.06191061880874425
1181,-1.8094974092946243,0.054010647270963545
1182,-1.8277037855386316,0.058955542245494215
1183,-1.845381442199547,0.05657797959494798
1184,-1.8428226750687868,0.06504033726647138
1185,-1.8294705768222908,0.07321534546315811
1186,-1.8095029254798085,0.061015713987295564
1187,-1.7933023420255243,0.06265159993455223
1188,-1.7836353461304797,0.07057724150892342
1189,-1.7930251608474719,0.06410118420096216
1190,-1.800600549998045,0.0727012169484786
1191,-1.8210436445525842,0.07083743580223212
1192,-1.8323781684163847,0.05425528421437316
1193,-1.8422918141280893,0.05773138289955586
1194,-1.8412226979770963,0.07114338552599501
1195,-1.815438197395777,0.06571592271137482
1196,-1.792713802647314,0.06594811867065527
1197,-1.7775210791683573,0.06389994779762126
1198,-1.791923034687382,0.0703471565184833
1199,-1.8124289287564477,0.07739467297059377
1200,-1.8302124067945116,0.06393284724491755
1201,-1.8391640122901383,0.07456628422148492
1202,-1.8495000293994928,0.07943825981085817
1203,-1.844789957350323,0.06735981257628934
1204,-1.8408724313290223,0.06874804717671705
1205,-1.8236652064159453,0.0634315260281221
1206,-1.8131339267596083,0.05363774344696802
1207,-1.7973896800537699,0.06326763405448428
1208,-1.7977283416273215,0.055735861851677504
1209,-1.8082224403804874,0.057530951102691144
1210,-1.8387327472038122,0.05644688560773389
1211,-1.8447820230920324,0.0654965291859033
1212,-1.8670260600350648,0.07166524691648536
1213,-1.8603307472376955,0.06697318818346656
1214,-1.8454502677592066,0.06584815087233464
1215,-1.8237948356943576,0.0590353648801237
1216,-1.8084939338051629,0.07624562599135631
1217,-1.7960766492702265,0.07229944179587502
1218,-1.803200930267642,0.06756620521874891
1219,-1.8138672348512745,0.07251494085668661
1220,-1.8316788867418852,0.07379321230729351
1221,-1.8567385193416666,0.0668389633740616
1222,-1.8857626504653393,0.055163603649115905
1223,-1.8910283820683733,0.062093780322912226
1224,-1.8807048030976294,0.07454188322743688
1225,-1.8380018590756935,0.07197297574551167
1226,-1.8039148682655406,0.06509182608875246
1227,-1.8047928912452007,0.07463474513201096
1228,-1.8210128341659992,0.054239947383865575
1229,-1.8489563114336842,0.052127699672004424
1230,-1.8789863020522817,0.0565089267461928
1231,-1.9022787783137116,0.0698549248879055
1232,-1.8944144601458883,0.07554606655969154
1233,-1.8583120684882255,0.05845482371993743
1234,-1.8398853219532332,0.06371422417401704
1235,-1.8262990881485766,0.0553500578454294
1236,-1.8376926234422157,0.06535489781163585
1237,-1.841576644755543,0.06952323163460625
1238,-1.8497809154043214,0.06715159345294952
1239,-1.8633839531630505,0.08615521817298522
1240,-1.857970988143028,0.058004497665860126
1241,-1.8646004989567484,0.06630435050116879
1242,-1.8748648047479055,0.0759529581596842
1243,-1.8677712726275457,0.06197818928400491
1244,-1.8610017808377033,0.058566849945196855
1245,-1.8552966459833788,0.05651039620436488
1246,-1.8566175773568572,0.049470379141341
1247,-1.8628945536243515,0.0734182989709314
1248,-1.8692776350946616,0.07773440900080734
1249,-1.8659276200122774,0.06153354928382993
1250,-1.8659280566999694,0.07133098884880473
1251,-1.86123491402039,0.05881188499211645
1252,-1.8773391617133113,0.059381815921257027
1253,-1.8893668524576055,0.05662041491409013
1254,-1.91117724461132,0.06653089768613091
1255,-1.913433133304615,0.06451006312908589
1256,-1.9040696789549276,0.06527970087616851
1257,-1.8795930426533152,0.07333743320785806
1258,-1.852397755173019,0.07139737274555252
1259,-1.8393832951794642,0.06668053663419057
1260,-1.8394526317293556,0.07097747692683024
1261,-1.860659489152905,0.058638232805832316
1262,-1.902154412456372,0.08085196595116978
1263,-1.930952635874594,0.07325319353290723
1264,-1.9375153081464895,0.059598020675370636
1265,-1.9226785277475396,0.07095835083344779
1266,-1.9018886168862812,0.06109693729238208
1267,-1.8670028584561034,0.07729963068481516
1268,-1.8543820697642408,0.06296879054937457
1269,-1.860541250349282,0.07198492387054306
1270,-1.877534480148323,0.07681102591662826
1271,-1.8979088330142473,0.06985253864904264
1272,-1.9167540552538291,0.06979504143251147
1273,-1.9251507709173246,0.06697924169640335
1274,-1.9261228826431263,0.06753032039814902
1275,-1.909466800240066,0.0702397026800307
1276,-1.8765875922330428,0.07340574917151504
1277,-1.860341429902064,0.06657831646359749
1278,-1.8663790765658148,0.061810071753320504
1279,-1.8693236429701392,0.06252006631882516
1280,-1.8956961961300125,0.07662507635559457
1281,-1.909564885766546,0.06919237140973879
1282,-1.9309045589394724,0.06358922398067157
1283,-1.9377884312629032,0.07654862686935317
1284,-1.920919358824745,0.07037390359718376
1285,-1.9061750425052189,0.07218858120555026
1286,-1.877633105024675,0.06733776069242749
1287,-1.8646881867226046,0.0703270118754081
1288,-1.8532176906634952,0.06411600787449379
1289,-1.869669286882151,0.07098204829570985
1290,-1.8814636704423742,0.06794427819349885
1291,-1.8930334112728482,0.06413066943255098
1292,-1.9074224358807352,0.06342547243922156
1293,-1.9141165391054356,0.06741203646803025
1294,-1.9178319030733477,0.06663754430857531
1295,-1.9162454259127997,0.06707675368835334
1296,-1.9165080759185562,0.06199060446496285
1297,-1.9092466746955266,0.07012208898306416
1298,-1.9031207528346024,0.06993206792799041
1299,-1.9058392162710103,0.06571493768700933
1300,-1.8978711483196637,0.06349811753301783
1301,-1.9059066189199285,0.06371150567667691
1302,-1.9100819279502166,0.06796331860050764
1303,-1.922958349268221,0.06105468663176203
1304,-1.9250977956654634,0.05815704552326699
1305,-1.9340031709147725,0.06445837013389166
1306,-1.9326871897876763,0.07889000412397783
1307,-1.9418578782992666,0.07420379348355605
1308,-1.9257294115480241,0.05919496877044002
1309,-1.9136095822090102,0.07304520914413275
1310,-1.9036934412225435,0.06847626881858108
1311,-1.9074063095046594,0.06447782995710914
1312,-1.9159612950268112,0.06692838846823934
1313,-1.9319520363199663,0.06594290632854741
1314,-1.9423467841304194,0.07775368076947906
1315,-1.946905683150189,0.058446928927811725
1316,-1.944909901110019,0.07508394123464845
1317,-1.9458828861296533,0.062182491862202566
1318,-1.9372553892716653,0.0620997457524971
1319,-1.9256850084184243,0.06967308475155909
1320,-1.9150551181748008,0.06691689856727617
1321,-1.9109606672466473,0.0669332178592464
1322,-1.9145447880885897,0.06230000264942351
1323,-1.928639105774274,0.06349522715604129
1324,-1.9366714587075298,0.0695759300740599
1325,-1.94139591819463,0.06285912896152415
1326,-1.9501055114812489,0.07543789226599565
1327,-1.9614540806628122,0.06541245412469615
1328,-1.961228950070235,0.0630928536221178
1329,-1.9614613755216346,0.07332773754869852
1330,-1.9576616779613678,0.07317494798592344
1331,-1.959269895971107,0.07057599552752494
1332,-1.9614577559903819,0.07182134596866754
1333,-1.9399525409699598,0.06972606095120792
1334,-1.937628522327142,0.07618730498225833
1335,-1.9355937231740121,0.07048288063705378
1336,-1.9498115084167655,0.06497954180671336
1337,-1.9598652554656935,0.07282074677374119
1338,-1.9556879115805534,0.06264461135675241
1339,-1.9550799459989288,0.07599548071129622
1340,-1.9464905337765257,0.06056337393710279
1341,-1.9507176488789861,0.06460439956814576
1342,-1.95676157320248,0.05625179407088627
1343,-1.9575029238709698,0.058434272587731505
1344,-1.962179750746035,0.07317504978431194
1345,-1.9525626536691372,0.07618734728887153
1346,-1.9504261909974048,0.05958027860469556
1347,-1.9465557886183018,0.07415396307622643
1348,-1.951533037312652,0.06222072772109271
1349,-1.955933506180728,0.06178883812657453
1350,-1.9668110382776705,0.06624467333761597
1351,-1.9725286354276943,0.06376383906786394
1352,-1.9777281643778182,0.07381869595874718
1353,-1.9679742516044534,0.0649837362951347
1354,-1.954163897144956,0.09617676308769561
1355,-1.9268168680760187,0.07021826340037271
1356,-1.9378850799206055,0.07880055730937129
1357,-1.9518465739356246,0.07517268020795839
1358,-1.9597715111545524,0.061738077790566406
1359,-1.9631791330873951,0.06553734045564838
1360,-1.9707202996932052,0.07464223281195083
1361,-1.966962923345411,0.07159859208801436
1362,-1.9593896024287205,0.06217000815157882
1363,-1.958742537433944,0.07136159645722041
1364,-1.9590220236779816,0.059915131375161836
1365,-1.9729516243232368,0.06213149188789655
1366,-1.9802435568069257,0.07679529098975196
1367,-1.994344568924113,0.07643356113090277
1368,-1.9907839187366745,0.08394612029914664
1369,-1.962865759680898,0.060559076394211056
1370,-1.963405814145093,0.06665006723196382
1371,-1.9657557850515017,0.06942441541902195
1372,-1.963535878497872,0.0808376181202762
1373,-1.9648684417434845,0.05951871202485963
1374,-1.977041968092519,0.06042385653635976
1375,-1.9945432429165988,0.06635012199422816
1376,-2.006251798797717,0.07416478087275194
1377,-2.0122638445856325,0.07177985789915425
1378,-1.9908699141380826,0.06050546869787976
1379,-1.9753219042247605,0.06661124536267433
1380,-1.9577071843142864,0.07092409017936677
1381,-1.9660444309866876,0.0810596436116755
1382,-1.9686683910967933,0.07076998874249202
1383,-1.967983878402261,0.0592543241236311
1384,-1.9834597020880993,0.07722613212724841
1385,-1.9919923528610255,0.07056160140162443
1386,-1.997572951024825,0.07033365529244223
1387,-2.0041901925699133,0.0733847522744249
1388,-1.9957401316768344,0.06264738340581258
1389,-1.997823981782747,0.07126615188229479
1390,-2.0001110806481237,0.06773172714079169
1391,-2.000076556163399,0.0642597956613113
1392,-1.9967395737429952,0.06563018353123783
1393,-1.9919478754194242,0.061982594528346854
1394,-1.991515840891281,0.06697835408169694
1395,-2.0056726492175674,0.06515874664977285
1396,-2.0130822026272996,0.06784097431579993
1397,-2.0153924719131977,0.06543334245700977
1398,-2.0058351321874452,0.06881199674471238
1399,-1.9896831775378538,0.06769350025177222
1400,-1.9865964269461038,0.07224184376179739
1401,-1.9793676944304366,0.06490114781071163
1402,-1.995758100974041,0.06970423208458061
1403,-2.0193688762305833,0.07071049457933595
1404,-2.014469039329854,0.07336435142233304
1405,-2.0190120595525674,0.057275108212518314
1406,-2.009139274119757,0.06051017114114311
1407,-2.0161945622725295,0.06633406238907431
1408,-2.032491486188336,0.06628268220939924
1409,-2.030034159455274,0.061219686724239414
1410,-2.0265613649743335,0.07293854010493839
1411,-2.014808977414659,0.08273374577446818
1412,-2.00601296125095,0.07242877370687013
1413,-2.0183050007876266,0.05939916403407838
1414,-2.026678188141314,0.06957599316884112
1415,-2.0347855748105355,0.06501495046266288
1416,-2.0435050347014516,0.06545576025938678
1417,-2.0363934767644336,0.058611198687324076
1418,-2.031756007896196,0.06536620095457554
1419,-2.028332564279827,0.07313447115908045
1420,-2.0197581184439484,0.06402983377408736
1421,-2.0119891805865553,0.07575437998670453
1422,-2.0156931595904837,0.06441340682707528
1423,-2.0333143890995746,0.07708143756505369
1424,-2.0351686791430623,0.0650738762233902
1425,-2.037101844786175,0.06818620515501535
1426,-2.0431669503798293,0.06419299191641926
1427,-2.048121218167939,0.06398870281296659
1428,-2.049843857151837,0.0545290601573256
1429,-2.043602646999087,0.06282100501853219
1430,-2.04043577334391,0.07325843289084344
1431,-2.035811376667506,0.06037070716542574
1432,-2.032513812201236,0.068101696252584
1433,-2.037647917254728,0.0745966796042429
1434,-2.0365763119266034,0.06301273444214821
1435,-2.0311556670651,0.0687518391771322
1436,-2.0331783731919613,0.05968976695709442
1437,-2.041986529050071,0.0626693341520173
1438,-2.0500739119403146,0.060992094805860826
1439,-2.0512876395511253,0.07166375311186832
1440,-2.038372443386357,0.07187905494673487
1441,-2.0303847335132827,0.0713967377237282
1442,-2.0270212038472852,0.05855349544088628
1443,-2.0294584877529527,0.06323994802439734
1444,-2.0365554274408972,0.05729453797256126
1445,-2.0481590081250203,0.059989179028422594
1446,-2.052969095065033,0.0713439701713755
1447,-2.050920989962573,0.06459644727068696
1448,-2.0589974186852227,0.060627156548676196
1449,-2.0502457045435563,0.05782898108672337
1450,-2.0512144350982178,0.06200187759402717
1451,-2.043617669022618,0.05866568953307236
1452,-2.033371334380109,0.0613847538328044
1453,-2.03002914714978,0.05952876355473535
1454,-2.047312874970505,0.05435473017243004
1455,-2.0615365846374667,0.06801629943370234
1456,-2.070935317364126,0.06880767983101843
1457,-2.0695918005983827,0.0679635408903714
1458,-2.061694816281072,0.06429366808375328
1459,-2.0507770296625667,0.05929862837721881
1460,-2.036094419331086,0.07150360538753463
1461,-2.0435774440130254,0.07238070607339402
1462,-2.04260622217708,0.06732880160290558
1463,-2.0580508769708192,0.07972286962602661
1464,-2.061288805017777,0.0645918839553121
1465,-2.070891786449425,0.05862485660776251
1466,-2.0958281264835534,0.08615858315590563
1467,-2.0875733914317856,0.06377341010026377
1468,-2.079324470397988,0.05938954013904037
1469,-2.075940123860915,0.0634295129497518
1470,-2.0671387119059994,0.06880615571318148
1471,-2.0691369063152782,0.07586305791573372
1472,-2.0635491210150807,0.05654035961538949
1473,-2.058751878346102,0.05988311545739622
1474,-2.0688529398447635,0.06586770747010223
1475,-2.075644129703476,0.06723912846246859
1476,-2.0814426210105665,0.06509540294959251
1477,-2.0793633903534188,0.06441203304929663
1478,-2.084572185041508,0.06593944760549733
1479,-2.083763021218215,0.06712579873382865
1480,-2.0927686428881085,0.06780708725818017
1481,-2.0954785291084486,0.05675420903095716
1482,-2.104274036704484,0.051949196201631354
1483,-2.112185086210891,0.07392748447879499
1484,-2.116749540418828,0.08534069030835784
1485,-2.101113340275793,0.07086255896327598
1486,-2.0774259239732165,0.05632647377535955
1487,-2.0683127096159435,0.05467481214978768
1488,-2.078105459035589,0.06009948397013194
1489,-2.09411622041271,0.07409238067811526
1490,-2.099931246785644,0.0674717235981956
1491,-2.091143335471404,0.05671411328452025
1492,-2.099042837911179,0.05778939986273993
1493,-2.095585525654919,0.06488061786803954
1494,-2.086857138977317,0.06592787620501465
1495,-2.0847770185567573,0.07583221544108006
1496,-2.0790526388790447,0.08183884216618448
1497,-2.0716650195262325,0.07855834028495383
1498,-2.0737901250022635,0.06840038740415885
1499,-2.1020298882810837,0.06585117820850378
1500,-2.126151570236048,0.06660092997107983
1501,-2.1330284904465087,0.09320957656860127
1502,-2.0949253545095763,0.077290218502409
1503,-2.0656190339343974,0.06686378701655941
1504,-2.045458405478427,0.060666060368649355
1505,-2.0533413020226976,0.05746953967679105
1506,-2.093260742834847,0.07352183800801808
1507,-2.1245531402125923,0.07752696950244728
1508,-2.1453563304724157,0.06205824254942231
1509,-2.148485502341934,0.06919938773906151
1510,-2.1394164640993076,0.07623816553058034
1511,-2.1084843040832943,0.06111459979865685
1512,-2.0791467366655785,0.06558126319835067
1513,-2.060077110508056,0.06586842921424775
1514,-2.0692028918905643,0.06771951501386729
1515,-2.1090401763794784,0.07325979307600805
1516,-2.1473983774948455,0.060131885449075176
1517,-2.174103390967816,0.06310536668659003
1518,-2.179684623142958,0.07883063903009493
1519,-2.1526817542923107,0.0715995239512178
1520,-2.1085050846372164,0.07053657914952592
1521,-2.0777334386436612,0.07870333748168681
1522,-2.054143876662466,0.062081521528568204
1523,-2.0585431101162612,0.0695910274381116
1524,-2.078794770984571,0.056568266717947555
1525,-2.102443796604204,0.07981306969141927
1526,-2.109896753951171,0.06006281347637613
1527,-2.1245224152120437,0.07362305663400687
1528,-2.1228188582412475,0.06476423672447287
1529,-2.1305522207205767,0.06936416626494064
1530,-2.122274450404657,0.07863898968910465
1531,-2.1114110425629895,0.07255128188427805
1532,-2.1046050495890416,0.07345495191200248
1533,-2.1142764192181254,0.06820467424655931
1534,-2.1221353966433636,0.05335395453742306
1535,-2.1284738717949,0.07376583420382357
1536,-2.132528263108345,0.047092682248914663
1537,-2.1339584886108405,0.07715195161232315
1538,-2.123944973364077,0.07573204656189286
1539,-2.1264056240015057,0.059052080526581834
1540,-2.1240478312980593,0.05492747564823736
1541,-2.1296180331225356,0.07148756414458915
1542,-2.1378569519172457,0.07261734976585274
1543,-2.1350276541493995,0.06933195077841178
1544,-2.133774935041092,0.06615268407940558
1545,-2.13289094619756,0.0628012362799301
1546,-2.1269702454331814,0.05784364298301997
1547,-2.1296441793942127,0.0579914757785084
1548,-2.145669598798057,0.07116334873722621
1549,-2.1564400866491322,0.0617716406046985
1550,-2.1603303474348303,0.06520936896285863
1551,-2.1557125795475085,0.06156519181692761
1552,-2.1534943229661345,0.06142816312462457
1553,-2.1491020094066533,0.0817838529265488
1554,-2.1321014644183607,0.07499448885263817
1555,-2.1062287647642064,0.05394588170671584
1556,-2.098919742454525,0.05596882031340357
1557,-2.111946398696339,0.06198284376376348
1558,-2.1427694240555892,0.06895424037295923
1559,-2.1614819839940957,0.06140693206071521
1560,-2.170080488987015,0.056124156652256174
1561,-2.17189110867483,0.06896894316198202
1562,-2.159160862635968,0.058048814782256215
1563,-2.152498768199069,0.06287296766390074
1564,-2.138644527695414,0.04937505027699718
1565,-2.140985866500527,0.060159726093548346
1566,-2.154481460015018,0.07243672159673756
1567,-2.1669393192241975,0.07977691907744265
1568,-2.149522231885283,0.06388444898646968
1569,-2.143364257276348,0.07867311634876502
1570,-2.136690263138312,0.06976272894482058
1571,-2.141477164928832,0.07391800192427439
1572,-2.1568110823946096,0.06847552669390228
1573,-2.1858999187039645,0.07454613952546078
1574,-2.193094801278983,0.07828231521792892
1575,-2.1805238717011814,0.0853879509632302
1576,-2.156789385238708,0.05471729938760751
1577,-2.151873775026661,0.07037614649488992
1578,-2.1499386948596433,0.07126361356702875
1579,-2.153144228799199,0.06347207426469928
1580,-2.1553319732990714,0.06845394449436412
1581,-2.153086254312221,0.06626294532686086
1582,-2.1468561897080756,0.07223272286566326
1583,-2.1586596515418917,0.055429843638112666
1584,-2.17625588559371,0.06334567124842655
1585,-2.182811271593358,0.05859663465342975
1586,-2.19258706734751,0.06259927650534683
1587,-2.178066575077961,0.06474932429168076
1588,-2.1720154381933527,0.06289864144300522
1589,-2.1523323094556117,0.06581317509447257
1590,-2.145276246626161,0.058996505530551725
1591,-2.1611839687883476,0.05950215931732855
1592,-2.171610321631994,0.06656685770070606
1593,-2.1928739768953838,0.06179243115080797
1594,-2.20741990005003,0.06577222673614506
1595,-2.200471721678019,0.05996379830270757
1596,-2.190955761903722,0.06344398639012036
1597,-2.1800262874001666,0.07163068181460122
1598,-2.177589511277204,0.059045293936726015
1599,-2.1764302710772307,0.0755538632917263
1600,-2.1739761702171942,0.06990468141475699
1601,-2.172432698260433,0.06731521833292747
1602,-2.1964419877639947,0.06368242739577959
1603,-2.2144903535806466,0.07333849374749626
1604,-2.2150360489139547,0.06537742954109485
1605,-2.204506788013027,0.07012786961637489
1606,-2.1771357622267073,0.07053182883415504
1607,-2.1609184177082694,0.061240793111272666
1608,-2.163272670453793,0.06376627645220316
1609,-2.173360844401465,0.07561672630895966
1610,-2.1817553360403634,0.06719615884939391
1611,-2.193449573352162,0.07509593882783447
1612,-2.200760668295352,0.0760277526636746
1613,-2.2075424450031864,0.07569052769519707
1614,-2.195139701911027,0.06425734334548691
1615,-2.194215372363829,0.0684564575147059
1616,-2.1870645988505575,0.07019988086636374
1617,-2.1705959743618433,0.05060810013125283
1618,-2.18099831857446,0.05858149370664309
1619,-2.1905345854928235,0.06860845739784285
1620,-2.210321699012283,0.06559305363889084
1621,-2.225437444654765,0.07314600355013201
1622,-2.2273953792648604,0.07972740731040828
1623,-2.211149793852524,0.07396634875311447
1624,-2.1990769762860323,0.0627653561135163
1625,-2.18636356417283,0.06723131582594599
1626,-2.186993499819719,0.06746453513336068
1627,-2.206071648447655,0.06763800638653623
1628,-2.2177025384619156,0.08057238143401443
1629,-2.209336268925583,0.06047433661291429
1630,-2.2127433860489876,0.07400692387035226
1631,-2.203895912477501,0.05854723614670858
1632,-2.209079235055273,0.07344398738602238
1633,-2.197159276452261,0.06317769138620001
1634,-2.2076099201717314,0.06893733434629545
